{"0.9911816567993799":{"user_id":1},"0.0009747133979169931":{"user_id":1},"0.14921842218548065":{"user_id":1},"0.11214022199221807":{"user_id":1},"0.05224662982936534":{"user_id":2},"0.7911538355563323":{"user_id":2},"0.0637696895112172":{"user_id":1},"0.9757479595030869":{"user_id":1},"0.9530192486224212":{"user_id":1},"0.3725165047988861":{"user_id":1},"0.21399096252555205":{"user_id":2},"0.05901545032905897":{"user_id":1},"0.8151136181296241":{"user_id":1},"0.1943665371168135":{"user_id":2},"0.9077662819411487":{"user_id":1},"0.5417108744936219":{"user_id":1},"0.5400547245330725":{"user_id":1},"0.3337192472384669":{"user_id":2},"0.8501824080976883":{"user_id":1},"0.08097576341228274":{"user_id":1},"0.9643655008453356":{"user_id":2},"0.05857958063558266":{"user_id":1},"0.0736287468165775":{"user_id":2},"0.9076495177482524":{"user_id":1}}